answer_id,question,sentence_id,sentence,contains_factual_claim,ground_truth_verdict
ea262d2b-fb95-41ad-824a-a96f83dd0478,"What is the history and cultural significance behind the traditional Argentine tango, and how has it evolved over time to become a revered art form worldwide?",1,"The Argentine tango is a dance and musical form that originated in Buenos Aires in the late 19th century, and has since become a revered art form worldwide.",True,
27694478-27cf-4118-aed7-d470fdfaf553,"What is the most innovative approach to reducing the carbon footprint of the fashion industry, and how can it be applied to the fast fashion industry without sacrificing affordability and accessibility?",6,"- **Encouraging circular fashion** that promotes reuse, repair, and recycling of clothing, instead of disposable consumption patterns.",False,
44e5fb13-aa80-41be-81c2-9e90b840ac8e,What is the role of epigenetics in determining an individual's,0,Epigenetics is the study of how the environment and other factors can change the way that genes are expressed.,True,
80b82c84-ef57-4b69-b142-16918f32c970,"What is the most effective way to address the issue of income inequality, and what policies or interventions have been successful in reducing this gap in various countries around the world?",20,- Health care,False,
9009530d-ae12-42b0-b032-45625702c5c3,"Can you explain the role and impact of dark energy on the expansion of the universe, and what current research is being conducted to better understand this elusive and mysterious force?",8,"These projects aim to measure the properties and effects of dark energy more precisely and accurately, and to test different models and theories of dark energy[^2^] [^3^] [^4^].",True,
25239f65-dc94-4543-9641-483d1f633602,"What is the most effective way for individuals to reduce their carbon footprint, and what are some practical steps that can be taken to implement sustainable habits into their daily lives?",6,"This means eating mostly fruits, vegetables, grains, and beans, and less meat and dairy.",False,
374a5dc4-ac0a-4ce5-afc5-0598b3f07980,"What was the biggest challenge that the engineers faced while designing and building the Burj Khalifa, the tallest building in the world?",5,- **Managing condensation**: The hot climate also caused around **15 million gallons** of water to condense from the structure.,True,
0f2e0be5-f22a-4e0f-9ab3-8d12698d99d5,"Can you explain the process and technology behind the development of electric cars, including their batteries, charging infrastructure, and potential impact on the environment and transportation industry?",10,The cells are grouped together into modules and packs to provide enough power and capacity for the vehicle.,True,
ca85127f-18b5-4d37-ac42-ddb4ae64a075,"What is the most effective and evidence-based approach to improving sleep quality, and how can individuals incorporate these practices into their daily routines to promote better overall health and well-being?",0,Improving sleep quality is a common goal for many people who want to enhance their health and well-being.,False,
04559911-de55-4de8-91b7-04806c94d307,"What is the most effective and scientifically-proven method for overcoming procrastination, and how can individuals implement this strategy in their daily lives to improve productivity and well-being?",10,- Getting rid of distractions and creating a conducive environment for work,True,
9f7e4976-447f-47a4-a598-cc8719cea0ca,"What is the most unusual case of animal behavior that you have ever come across in your field of study, and can you tell us about the research that has been done on this phenomenon?",4,This behavior may help them keep their nests clean and avoid diseases[^1^].,False,
86d443c2-c1f4-441b-8604-490a4684cf72,"What is the most effective way to combat the spread of misinformation and disinformation in today's digital age, and what role can individuals and media organizations play in promoting accurate and trustworthy information?",4,"- **Promoting news literacy and critical thinking skills** among the public, especially young people, so that they can evaluate the credibility and quality of the information they encounter online, and recognize the sources, motives, and techniques behind misinformation and disinformation campaigns.",False,
175b6550-00cb-4771-8a81-b02ce1b0ce6c,"What is the most effective method or strategy for overcoming writer's block, and how do successful authors cope with this common challenge in their writing process?",27,"- J.K. Rowling: \""Sometimes the ideas just come to me.",True,
94cb15c5-b278-4ce3-b1e2-c2ac73500feb,What is the oldest living organism on Earth and how long has it been alive?,5,"Some of these stromatolites are about **3.5 billion years old**, but they are not considered as single organisms, but rather as communities of many organisms[^3^].",True,
89c18ac2-a616-4335-9b9c-fd5fe963d45b,What inspired the invention of the first telephone and how has it evolved over time to become the smartphones we use today?,12,"- In 2007, Apple launched the iPhone, which revolutionized the smartphone industry with its touchscreen interface and app store[^6^].",True,
a8e265e1-b051-49a8-a31d-748c3bb2b049,Can you explain the science behind how vaccines work and how they are able to provide immunity against infectious diseases?,3,"Some of these cells, called macrophages, can swallow up and digest germs, leaving behind parts of them called antigens[^1^].",True,
f25d7874-ee5c-4822-9363-61f18d927784,"What is the most captivating and little-known fact about the life and career of renowned physicist, Albert Einstein, and how does it impact our understanding of his contributions to modern physics?",17,He also advocated for animal rights and pacifism [^1^] [^5^].,True,
31afb047-9282-4597-a95a-8b5812c57d5b,"What are the most significant differences between the culinary traditions of Northern and Southern Italy, and how have these regional differences evolved over time to become a prominent aspect of Italian cuisine?",3,"- Northern Italian cuisine consists of heavy meat dishes and cream sauces, while Southern Italian foods have robust flavors with fresh herbs and light sauces enhanced with extra-virgin olive oil[^1^] [^4^].",True,
325cbdc2-44cd-4415-a5be-9eac4b034779,"What is the most effective strategy for maintaining long-term weight loss, and how can individuals sustain healthy habits and avoid potential setbacks?",4,- Find your inner motivation and have a support group that will encourage you in positive ways.,True,
9b94eaab-0ac0-4bc6-bf0d-7ac1bd1bb179,"What is the social and economic impact of the fashion industry, and how can we promote sustainable and ethical fashion practices to reduce its negative effects on the environment and workers in the industry?",9,"To reduce these negative effects, we can promote sustainable and ethical fashion practices that aim to minimize the harm to people and the planet along the entire value chain.",False,
f837103f-d9fd-4258-890b-62fd74db8169,"What is the most effective way to promote and maintain healthy sleep habits, and how do different factors such as age, lifestyle, and genetics impact our sleep patterns and quality?",9,"Also, don't go to bed hungry or thirsty, as this can cause discomfort or wakefulness during the night.",True,
dd38ae45-1a4b-40b9-8591-012531459208,"What is the origin of the concept of zero, and how did it develop into the number we use today in mathematics?",3,"** The Mayans invented it independently circa **4 A.D.** It was later devised in India in the mid-fifth century, spread to Cambodia near the end of the seventh century, and into China and the Islamic countries at the end of the eighth.",True,
80b82c84-ef57-4b69-b142-16918f32c970,"What is the most effective way to address the issue of income inequality, and what policies or interventions have been successful in reducing this gap in various countries around the world?",26,- Affirmative action,True,
06cd66b1-4e48-431c-ac86-aa915835701d,What was the inspiration behind the design of the Sydney Opera House and how did its construction contribute to the development of modern engineering techniques?,9,Arup continues to play a pivotal role in the building's long-term development and preservation plan[^9^].,True,
ad2ee45b-1e67-4d64-8080-35b8335b79fb,"What is the most effective way to treat and manage autoimmune diseases such as rheumatoid arthritis and multiple sclerosis, and what recent advancements have been made in this field of medicine?",27,"- Finding new ways to diagnose autoimmune diseases earlier and more accurately using biomarkers, imaging techniques or artificial intelligence.",True,
7e2f59f3-6802-4371-8832-7dd9845ed2df,"What is the most interesting scientific discovery or breakthrough that you have come across recently, and how do you think it will impact society?",2,"There are many interesting scientific discoveries and breakthroughs happening all the time, but here are some that I find particularly fascinating and impactful:",False,
50160393-459c-4348-b17b-b572eb2d43b3,"What is the historical and cultural significance behind the art form of calligraphy, and how has it evolved over time within different regions and languages?",0,Calligraphy is the art of beautiful handwriting.,True,
7538bfd9-9f7b-49f0-b83a-ff6e92859613,"What is the process and criteria for selecting the official Olympic mascots, and how do these characters reflect the values and culture of the host country?",7,- The mascots are then approved by the International Olympic Committee (IOC) and officially unveiled to the public.,True,
9f7e4976-447f-47a4-a598-cc8719cea0ca,"What is the most unusual case of animal behavior that you have ever come across in your field of study, and can you tell us about the research that has been done on this phenomenon?",20,"This behavior may be due to their ability to detect subtle changes in the environment such as vibrations, sounds or smells[^3^].",False,
26ece4d4-44aa-4655-891e-c783fa3eef8f,"What is the evidence for the effectiveness of mindfulness meditation in reducing symptoms of anxiety and depression, and what are some practical tips for individuals who want to incorporate this practice into their daily routine?",14,"Try to meditate every day, even if it's just for a few minutes.",False,
4996ff09-bd65-4f0f-b5bd-719d64473c5b,"What is the most effective way to teach financial literacy to children and teenagers, and how can we ensure they have the necessary skills to make informed financial decisions as adults?",11,- **Make it fun and interactive**.,False,
ffb88230-9162-43a7-9ccd-cbe1a6ab62b2,"What is the most effective way to invest money for long-term financial gains, and how can individuals with different income levels begin to invest on a small scale?",28,These are just some of the possible ways to invest money for long-term financial gains.,False,
50160393-459c-4348-b17b-b572eb2d43b3,"What is the historical and cultural significance behind the art form of calligraphy, and how has it evolved over time within different regions and languages?",19,"It developed from the ancient Roman cursive script, which was used for everyday writing.",True,
c9110320-920f-402b-9e63-1a1a4a802685,"What is the most effective method for individuals to reduce their carbon footprint and combat climate change, and what practical steps can they take in their daily lives to make a significant impact?",27,"- Reduce, reuse, repair, and recycle your belongings instead of buying new ones or throwing them away.",False,
9b94eaab-0ac0-4bc6-bf0d-7ac1bd1bb179,"What is the social and economic impact of the fashion industry, and how can we promote sustainable and ethical fashion practices to reduce its negative effects on the environment and workers in the industry?",17,"According to a report by Global Fashion Agenda[^2^], addressing the environmental and social problems created by the fashion industry would provide a $192 billion overall benefit to the global economy by 2030.",True,
048afd76-eaf5-4ce2-8027-cf407d1a860c,"What is the most effective and sustainable method for reducing food waste on a global scale, and what innovative strategies have been successfully implemented in both developing and developed countries to address this pressing issue?",14,"Reducing food waste requires collaboration and coordination among multiple stakeholders across the food system, as well as a holistic and systemic approach that considers the interconnections between food production, distribution and consumption.",False,
a9d41e2c-a63a-4f65-9e4e-ca5025cbe903,"What is the most significant breakthrough in the field of artificial intelligence in the last decade, and how has it impacted industries ranging from healthcare, finance, and transportation?",12,"Natural language processing has made significant progress in tasks such as machine translation, sentiment analysis, question answering, text summarization, dialogue systems, and more[^2^].",True,
65cee4ae-f181-4b57-99c0-bdb9df7d2724,"What is the origin and significance behind the use of specific colors in traditional Moroccan textiles, and how have these colors and patterns evolved over time?",22,"Moroccan textiles are found across all aspects of Moroccan life, from walls to floors to bags to clothes.",True,
9fe21c69-4f92-46c6-a9d0-08dbc6356100,"What is the most effective way for individuals to develop a growth mindset and overcome limiting beliefs, and what strategies or habits can they adopt to cultivate a mindset focused on personal and professional growth?",5,Some strategies or habits that can help you cultivate a growth mindset and overcome limiting beliefs are:,False,
b1dbaacd-9f57-4082-8b2b-102a1e006fbc,"What is the most effective way to combat the stigma surrounding mental illness in society, and how can we promote empathy and understanding towards those who struggle with their mental health?",26,I hope this helps you understand this topic better.,False,
4aea3021-ec58-4369-ae1e-9262612fb771,"What is the most effective approach for cities to reduce traffic congestion, and what innovative strategies have been successfully implemented to promote sustainable and efficient transportation systems?",9,Alternative routes can be encouraged by providing information and incentives to drivers[^1^].,True,
a672961f-e58f-48a4-922f-0da793124727,Can you explain the science behind the phenomenon of auras and how they are believed to reflect a person's emotional and physical state?,3,"Some possible explanations for the phenomenon of seeing auras are visual illusions, brain disorders, or subjective interpretations of vibes or frequencies[^2^] [^3^].",False,
b2a88c5c-1e44-4c53-b960-f5ef25586e34,"Can you explain the history and cultural significance behind the traditional Chinese dragon boat festival, including the origins of the dragon boat races and the associated customs and traditions?",0,"Sure, I can explain the history and cultural significance behind the traditional Chinese dragon boat festival.",False,
f5d95445-afc0-4407-93e6-246c983aed1d,"What is the most innovative and effective approach to reducing plastic pollution in our oceans, and how can individuals, businesses, and governments work together to implement this solution on a global scale?",14,"Together, we can make a difference for our oceans and our planet.ðŸŒŽ",False,
8e4f3a92-dc57-4931-a88c-f8afa60de26e,What is the most interesting scientific discovery that has been made in the past decade and how has it impacted our understanding of the world?,0,That's a great question.,False,
08c9e767-eb4a-4726-b526-510babec7f9a,"What is the most effective way to enhance creativity in individuals, and how can this skill be cultivated in both personal and professional settings?",22,"Meditation can clear your mind of jumbled thoughts, give you space to observe and reflect, and put your entire brain to work[^2^].",False,
cb2af01c-57f5-4e07-a950-d32843a37362,"What are the most effective ways for individuals to improve their mental health and well-being, and how can these strategies be implemented into daily routines for long-term results?",35,"A mental health professional can provide you with diagnosis, treatment, guidance, and support.",False,
43d0384e-ec9b-449c-a0c4-b8c3ed495682,"What is the most innovative and promising approach to reducing carbon emissions from air travel, and how can it be implemented on a large scale to mitigate the environmental impact of air transportation?",3,Here are some of the most promising ones:,False,
f9a8946a-c1c3-447b-b266-5485cae039e2,"What is the most effective approach for encouraging healthy eating habits in children, and what strategies have schools, parents, and communities successfully implemented to promote better nutrition and reduce childhood obesity?",24,"If you have any follow-up questions, please feel free to ask me.ðŸ˜Š",False,
410ca39f-9b85-4ce5-86aa-a0d950245b7c,"What is the most effective and sustainable approach to reducing food waste in the restaurant industry, and how can restaurants implement this solution while also maintaining profit margins and customer satisfaction?",1,"Reducing food waste in the restaurant industry is not only beneficial for the environment and society, but also for the profitability and reputation of the restaurants themselves.",True,
10ee2fcd-44c3-4949-9513-b64d83fcd2cf,What inspired the creation of the periodic table and how has it evolved over time to become the universally recognized tool for understanding the properties and behaviors of elements?,20,"- The development of **quantum mechanics** and **electron shell** theory by Niels Bohr, Erwin SchrÃ¶dinger, Wolfgang Pauli, Linus Pauling, and others in the early 20th century.",True,
9597f68a-13be-41d0-981f-08a42eef1973,"What is the impact of meditation on brain function and well-being, and how does this practice influence our ability to regulate emotions, reduce stress, and improve overall cognitive function?",14,"It involves focusing on a specific thing, such as your breath, and bringing your attention back to that anchor whenever your mind wanders.",True,
00ba2b9e-aaef-4b6a-860c-386de4cd05e1,"What is the science behind how our brain processes and stores memories, and how can individuals use this knowledge to improve their memory retention and recall abilities in everyday life?",1,The science behind how our brain processes and stores memories is complex and fascinating.,False,
eab10bf5-5936-4dfe-be24-6f93da0c826c,"What is the process and criteria for selecting the winners of the Nobel Prize, and how has this evolved over time since its inception in 1901?",3,"For physics, chemistry, physiology or medicine and economics, the Royal Swedish Academy of Sciences is responsible for selecting the laureates.",True,
7c907259-ab81-40e2-ae95-4228a382e05c,"What is the most effective and evidence-based approach to teaching financial literacy to children and teenagers, and how can parents and educators incorporate these lessons into their daily lives to promote financial responsibility and well-being?",9,- Practice budgeting together: Show your child how to create a budget and track their income and expenses.,False,
a13095bc-720c-4927-9027-7cacc6d8a9a1,"What is the most effective way to mitigate the negative impact of tourism on fragile ecosystems and local communities, while still promoting sustainable tourism practices and supporting the local economy?",9,"Avoid using single-use plastics, such as bottles, bags, straws, or cutlery, which can end up in landfills or oceans and harm wildlife and habitats.",True,
79f1f6a1-5271-4745-a621-e0d524f7e483,"What is the most effective strategy for preventing the spread of infectious diseases within a hospital setting, and what measures have hospitals implemented to ensure the safety of both patients and healthcare workers during the COVID-19 pandemic?",6,- Staying up to date with vaccinations,True,
70bac87b-7044-4fe9-9025-3978b7b4e51b,"What is the historical significance and cultural impact of the traditional Sami duodji crafts, and how have modern-day artisans preserved and brought attention to this unique art form?",2,"Duodji crafts include clothing, hats, belts, jewelry, shoe bands, cups, knives, bags, needle cases, cheese forms, and harnesses[^1^] [^2^].",True,
36ee5777-bbc3-455f-ba70-9a67941327ac,"What are the most promising advancements in renewable energy technology that could revolutionize our ability to transition away from fossil fuels and towards a sustainable energy future, and how close are we to seeing these technologies become widely available?",8,- **Energy storage**: Energy storage is essential for balancing the variability of renewable energy sources and ensuring a stable and secure supply of electricity.,False,
5613a4c8-b85f-493d-95c7-56b37f78185d,"What is the history and cultural significance behind the traditional Filipino martial art of Arnis/Kali/Eskrima, and how has it evolved over time to become a revered aspect of Filipino culture and identity?",12,[^1^],False,
1d2b9da0-78e8-42c9-9538-d50aafacb67f,"What is the history and cultural significance behind the traditional Japanese tea ceremony, and how has it evolved over time to become a widely-practiced and revered aspect of Japanese culture and hospitality?",9,"The tea ceremony consists of the host bringing the tea utensils into the room, offering the guests special sweets, and then preparing and serving them tea made of powdered green tea (matcha) whisked in hot water.",True,
82360365-ba75-4480-b4ef-c5c83c021486,"What is the most innovative approach to addressing food insecurity in developing countries, and how can this approach be scaled up to ensure that everyone has access to healthy and nutritious food?",5,"According to the World Economic Forum and the FAO[^2^], there is a $15.2 billion funding gap for food system innovation that could support ending hunger, keeping emissions within 2Â°C and reducing water use by 10%.",True,
4a901694-932f-479b-8eca-30e6118476fb,What inspired the creation of the first ever computer virus and how did it spread?,5,It was designed to test John von Neumann's theory of self-reproducing automata and it infected DEC PDP-10 computers running the TENEX operating system via the ARPANET.,True,
4aea3021-ec58-4369-ae1e-9262612fb771,"What is the most effective approach for cities to reduce traffic congestion, and what innovative strategies have been successfully implemented to promote sustainable and efficient transportation systems?",22,"Each city has its own challenges and opportunities, but also can learn from the experiences and best practices of others.",False,
10ee2fcd-44c3-4949-9513-b64d83fcd2cf,What inspired the creation of the periodic table and how has it evolved over time to become the universally recognized tool for understanding the properties and behaviors of elements?,12,Some of the major milestones include:,False,
362bd76e-0b0e-4356-86cf-1c150aff921c,"What is the most effective way to motivate individuals to make sustainable lifestyle changes, and what role do societal factors play in incentivizing environmentally-friendly behaviors?",33,[^5^]: Green guide: 15 tips for a more sustainable lifestyle,False,
675dfbd7-9c89-4026-981a-5c24f4803f23,"What is the history behind the creation of the periodic table, and what impact did it have on modern science and chemistry?",9,He also rearranged some elements based on their chemical properties rather than their atomic mass[^2^] [^3^].,True,
779d6b9e-d6c6-45ac-ad6e-4c0b8fc8dbef,"What is the most innovative and sustainable approach to waste management currently being implemented in cities around the world, and how is it changing the way we think about and handle waste?",12,It also prevents overflowing bins and littering.,True,
76aa09f4-f136-4405-a4b1-c0e01f9b96ee,"What are some of the most effective strategies for reducing and managing stress and anxiety, and how can individuals incorporate these practices into their daily routines to promote their overall mental and emotional well-being?",24,"To incorporate these practices into your daily routines, you can start by choosing one or two strategies that appeal to you the most and that suit your lifestyle.",False,
a0ff1ff0-3355-497f-ad57-4c8d2ba4c5f2,What is the most interesting and little-known fact about the history of the Mona Lisa?,9,"In 2009, a woman threw a ceramic mug at it.",True,
06f8a58c-82f8-4578-a757-62dcb6e1ec8e,"Can you tell me about the history and evolution of cryptography, and how it has been used in different historical contexts throughout human history?",2,"These were not necessarily meant to be secret, but rather to be understood only by those who knew the language system.",True,
ffb88230-9162-43a7-9ccd-cbe1a6ab62b2,"What is the most effective way to invest money for long-term financial gains, and how can individuals with different income levels begin to invest on a small scale?",1,"Investing money for long-term financial gains can be a complex and personal topic, depending on your goals, risk tolerance, time horizon and income level.",False,
04559911-de55-4de8-91b7-04806c94d307,"What is the most effective and scientifically-proven method for overcoming procrastination, and how can individuals implement this strategy in their daily lives to improve productivity and well-being?",22,I hope this helps you improve your productivity and well-being.ðŸ˜Š,False,
21f6a559-a562-49e7-98e9-43ae101a490f,"What was the inspiration behind the famous painting ""Starry Night"" by Vincent van Gogh?",7,"The steeple of the church resembles those in his native Holland, not in France[^1^].",True,
b1dbaacd-9f57-4082-8b2b-102a1e006fbc,"What is the most effective way to combat the stigma surrounding mental illness in society, and how can we promote empathy and understanding towards those who struggle with their mental health?",8,You can also correct misinformation or negative comments that you encounter in your daily life or on social media by sharing facts and personal stories.,False,
ef456907-a321-4aea-9ea1-14fb30352835,"What inspired the development of the first modern vaccine, and how has this medical intervention evolved and impacted public health over time?",1,I'm happy to help you with your question.ðŸ˜Š,False,
1ce7c05a-01dd-47f8-84d8-83d745f5330f,"What was the most significant discovery made by archaeologists in the last decade, and how has it changed our understanding of human history?",8,The fetus was about 18 weeks old and may have been a miscarried child of the young pharaoh[^5^].,True,
a9d41e2c-a63a-4f65-9e4e-ca5025cbe903,"What is the most significant breakthrough in the field of artificial intelligence in the last decade, and how has it impacted industries ranging from healthcare, finance, and transportation?",2,Some of the most important advances in AI include:,False,
26712513-e59f-4ae5-85d1-cc0e80db083e,"What is the most important archaeological discovery in recent history, and how has it changed our understanding of ancient civilizations?",14,Dragon Man had a large skull with a prominent brow ridge and a wide mouth.,True,
3219cc49-26e3-4419-9fce-1e65daa2c6d3,"Can you explain the process and technology behind the development of self-driving cars, and what potential implications and impacts will they have on the transportation industry, society, and the environment?",9,- Environment: Self-driving cars could have mixed effects on the environment.,False,
df4bc90f-5c1c-4bae-900c-1845bd947946,"What is the history and cultural significance behind the traditional Chinese dragon dance, and how has it evolved over time to become a symbol of power, strength, and good luck in Chinese culture?",14,It is a way to celebrate life and bring good luck to people.,False,
374a5dc4-ac0a-4ce5-afc5-0598b3f07980,"What was the biggest challenge that the engineers faced while designing and building the Burj Khalifa, the tallest building in the world?",8,"To understand the behaviour of the wind and the amount of stress it could place on the building, the design team conducted over **40 wind tunnel tests**.",True,
2d1a21b2-fe22-4f68-974b-ba163e2f3f5f,"Can you explain the concept of quantum computing and how it differs from classical computing, and what potential applications and limitations does it have for solving complex problems?",22,This requires developing standards and protocols for quantum information processing and transmission[^2^].,True,
33aca37e-741b-44e1-8a3a-3f61de57d4c7,"What is the psychological reasoning behind the phenomenon of dÃ©jÃ  vu, and what factors contribute to individuals experiencing this feeling?",12,This happens because of abnormal electrical activity in the brain that affects the memory circuits[^2^] [^3^].,True,
0c719d54-d283-441a-9e2e-b08f22c23d80,"Can you explain the history and cultural significance of traditional Chinese medicine, and how does it differ from Western medicine in terms of diagnosis, treatment, and prevention of illness?",0,"Traditional Chinese medicine (TCM) is a system of medicine that has a history of at least **23 centuries**[^2^] and is based on the ancient philosophy of yin and yang, the balance of complementary forces in the universe and the human body[^2^] [^5^].",True,
8085b645-e76f-4966-a023-7f33237d1904,"How has the portrayal of mental health issues in popular media evolved over the past decade, and what impact has this had on public perception and awareness of mental health?",6,"For example, some TV shows and movies have featured characters who struggle with mental health conditions such as depression, anxiety, bipolar disorder, PTSD, or schizophrenia, and show their challenges, coping strategies, and recovery journeys[^3^].",True,
f837103f-d9fd-4258-890b-62fd74db8169,"What is the most effective way to promote and maintain healthy sleep habits, and how do different factors such as age, lifestyle, and genetics impact our sleep patterns and quality?",19,"If you do need a nap, limit it to about 20 minutes and avoid napping after 3 p.m.",False,
5941df95-16a1-410f-80e1-3fb7f51f473a,Can you tell me about the history and cultural significance of a traditional dance in your country?,3,"These dances are usually associated with social dance practice, entertainment, or performance.",False,
b54eed82-35a5-48d8-a29c-fb70d7ae2a3c,What is the most significant and fascinating discovery about the behavior of black holes that scientists have made in the past decade?,0,That's a great question.,False,
ad2ee45b-1e67-4d64-8080-35b8335b79fb,"What is the most effective way to treat and manage autoimmune diseases such as rheumatoid arthritis and multiple sclerosis, and what recent advancements have been made in this field of medicine?",18,"Examples are acupuncture, massage, yoga or herbal remedies[^2^].",True,
9ab149ef-fe67-4724-83ff-b5dbc4bff7ae,"What is the most innovative and sustainable method for producing food on a large scale, and how can this be scaled up to ensure food security for a growing population while minimizing negative impacts on the environment?",2,"According to the search results, some of the innovations that could help improve food security for a growing population while minimizing negative impacts on the environment are:",False,
4ac537fd-5c7a-4086-92c4-9c8d1b270135,"What is the most fascinating discovery that has been made in the study of black holes, and how has it deepened our understanding of the universe and fundamental physics?",8,"These discoveries have deepened our understanding of how black holes form, evolve, interact with their surroundings, and affect the structure and evolution of galaxies.",False,
d6962b73-3dc1-4dad-af61-6eea46887683,What is the most unusual and unexpected fact you have learned about the animal kingdom that has challenged your previous assumptions or understanding of a particular species?,3,- The heart of a shrimp is located in its head[^1^].,True,
18feca6b-bd97-4eae-aeb1-844a8da203bc,"What is the most effective way to address the issue of homelessness in urban areas, and what approaches have shown the most success in helping individuals reintegrate into society and secure stable housing?",10,"Racial equity requires changing the perception of the problem, providing enough funding, and gaining a broader understanding of systems change[^1^].",False,
00e22f49-db62-4125-91f9-08d119595b6b,"Can you explain the physics behind how a plane is able to fly, and how advancements in technology have improved the efficiency and safety of air travel?",4,Thrust is the force that propels the plane forward by pushing air backward.,True,
f0d28a33-4d31-43ff-bc88-53262b90ad27,"What was the inspiration behind the creation of the first computer game, and how has the industry evolved into the multi-billion dollar entertainment industry it is today?",0,That's a great question.,False,
7bcdfa32-5b28-49ce-8551-e6bba78ce6e9,"What is the most intriguing theory about the origin of the universe, and how does it explain the formation of galaxies, stars, and planets?",1,"There are many theories about the origin of the universe, but one of the most popular and well-supported ones is the Big Bang theory[^2^] [^3^].",True,
a5b4f343-2231-4e4d-b4a4-2788efa254e8,"What is the most effective method for reducing stress in the workplace, and what strategies have been shown to have a significant impact on employee well-being and productivity?",3,Some effective methods for reducing stress in the workplace are:,False,
b84d9d9f-0b2c-4945-86fd-05528fefd3d1,"What is the history and lore behind the mythical creature known as the phoenix, and how has it been interpreted in different cultures throughout history?",8,It appeared on coins and monuments as a sign of Rome's longevity and glory[^2^].,True,
af11f837-5609-4f80-95e1-bac37e01ce21,What is the most fascinating discovery or invention in your field that has the potential to transform our world in the next decade?,15,ðŸ˜Š,False,
c9110320-920f-402b-9e63-1a1a4a802685,"What is the most effective method for individuals to reduce their carbon footprint and combat climate change, and what practical steps can they take in their daily lives to make a significant impact?",19,"- Save energy at home by using energy-efficient appliances and lighting, lowering your heating and cooling, washing your laundry with cold water, and hanging things to dry instead of using a dryer.",True,
0cbc6ca4-df0d-4faa-9de4-4e0ee2f0e828,"What is the most effective method for promoting creative thinking and innovation in the workplace, and how have companies successfully implemented this strategy to drive growth and competitiveness in their respective industries?",9,- Collaborate and co-create.,False,
362bd76e-0b0e-4356-86cf-1c150aff921c,"What is the most effective way to motivate individuals to make sustainable lifestyle changes, and what role do societal factors play in incentivizing environmentally-friendly behaviors?",22,"For example, a carbon tax can discourage the use of fossil fuels and encourage the use of renewable energy sources.",True,
708186de-8875-42d6-82d6-347c913cafa1,"What is the impact of climate change on global food production and supply, and what measures are being taken to ensure food security for future generations?",9,"- Enhancing food systems governance and coordination to promote fair trade, reduce waste, improve distribution, and support smallholders and vulnerable groups[^1^] [^2^] [^4^] [^5^].",True,
80b82c84-ef57-4b69-b142-16918f32c970,"What is the most effective way to address the issue of income inequality, and what policies or interventions have been successful in reducing this gap in various countries around the world?",10,- Globalization,False,
31afb047-9282-4597-a95a-8b5812c57d5b,"What are the most significant differences between the culinary traditions of Northern and Southern Italy, and how have these regional differences evolved over time to become a prominent aspect of Italian cuisine?",16,I hope this answer helps you understand the differences between Northern and Southern Italian cuisine better.,False,
511bf72f-f3af-4c40-8c32-cc297714550f,What was the historical inspiration for the character of Black Panther in the Marvel comics and movie?,5,"However, Marvel briefly changed the Black Panther's name to the Black Leopard in an attempt to dissociate the two[^3^].",True,
374a5dc4-ac0a-4ce5-afc5-0598b3f07980,"What was the biggest challenge that the engineers faced while designing and building the Burj Khalifa, the tallest building in the world?",4,"To do that, an exterior cladding made of reflective glazing with aluminium and textured stainless steel panels were used.",True,
1b71478d-4c4d-43fa-a450-c5625a2ecadd,"What is the process and criteria for selecting the winners of the Pulitzer Prize, and how has this evolved over time since its inception in 1917?",10,Some of the changes include:,False,
7e1a2752-b1f2-4024-8af0-8e8d68c65372,What was the greatest archaeological discovery of the 21st century and how has it changed our understanding of history?,6,"- The **Lost Golden City** near Luxor in Egypt, which was discovered in 2021 and was known as the ""The Rise of Aten"".",True,
e9e73351-c2df-4551-906a-871d1f4d9f8a,"What is the most effective way to balance economic growth and development with preserving the natural environment, and what are some successful strategies that have been implemented in countries around the world?",14,"However, there is no one-size-fits-all solution, and each country needs to find its own path based on its specific context, challenges and opportunities.",False,
bd1708bb-1325-43c8-b465-843c857ea8a2,"What is the significance and meaning behind the intricate patterns and designs of Navajo rugs, and how have they been used as a form of storytelling and cultural expression throughout history?",13,"Navajo rugs are not only functional items, but also expressions of identity and creativity.",False,
ce507667-5845-42dc-b705-16c5b2b4c3ff,"What was the motivation behind Frida Kahlo's self-portraits, and how did her personal experiences influence her art?",6,She used painting as a way of coping with her pain and expressing her feelings[^4^] [^5^].,True,
fed2e8be-bcfc-4c8f-93c0-f33f04fd748c,"What is the most significant breakthrough in the field of artificial intelligence that has the potential to revolutionize the way we approach problem-solving and decision-making, and what are the ethical implications surrounding its implementation?",7,"A third breakthrough in AI is the progress in **quantum computing**, which is a type of computing that uses quantum mechanical phenomena to perform operations on data.",True,
91d8e7f5-c6cf-4436-8552-4022adeb770d,"What are the key principles and strategies for building and maintaining a successful startup, and what are the most common pitfalls that entrepreneurs should avoid to ensure the long-term viability of their business?",16,- **Not concentrating on business growth**: You should not get complacent or distracted by other things once you have launched your business.,False,
b9c6673d-eebb-44af-84cc-d02700b3c592,"What is the historical and cultural significance behind the traditional Indian festival of Holi, and how has it evolved over time to become a widely celebrated event worldwide?",16,"People celebrate Holi by throwing coloured water and powders on each other, dancing, singing, eating festive delicacies and visiting friends and relatives.",True,
9009530d-ae12-42b0-b032-45625702c5c3,"Can you explain the role and impact of dark energy on the expansion of the universe, and what current research is being conducted to better understand this elusive and mysterious force?",7,"Current research on dark energy is being conducted by various experiments and observations, such as the Hubble Space Telescope, the Dark Energy Survey, the Euclid mission, and the Vera C. Rubin Observatory.",True,
9fe21c69-4f92-46c6-a9d0-08dbc6356100,"What is the most effective way for individuals to develop a growth mindset and overcome limiting beliefs, and what strategies or habits can they adopt to cultivate a mindset focused on personal and professional growth?",20,"A clean and tidy space can help you focus, relax and think more clearly[^4^].",True,
0117e055-639a-4b4d-acf5-2294a31a9219,"What is the most significant breakthrough in medicine or medical technology that has the potential to revolutionize healthcare in the next decade, and how could it impact patient outcomes and the healthcare industry as a whole?",10,- **Immunotherapy**: This type of therapy harnesses the power of the body's own immune system to fight cancer and other diseases.,True,
b2a88c5c-1e44-4c53-b960-f5ef25586e34,"Can you explain the history and cultural significance behind the traditional Chinese dragon boat festival, including the origins of the dragon boat races and the associated customs and traditions?",19,It is a festive occasion that showcases the rich and diverse heritage of China.,False,
c3075bf3-0d4b-437f-9cae-780cfd87c6e9,"What is the biological and evolutionary purpose of laughter, and how does it benefit individuals and society as a whole?",0,"Hello, this is Bing.",False,
c3328e95-42cb-4f83-a91a-66c09b9187c7,"What are the key factors that determine the success or failure of a crowdfunding campaign, and what strategies can creators use to maximize their chances of reaching their funding goals?",22,"Rewards should be relevant, valuable and proportional to the pledge amount, as well as diverse enough to cater to different preferences and motivations of backers.",False,
9d13cbd8-b678-46cb-870a-d5064d64284f,"What is the origin of the term ""OK"" and how did it become such a widely used phrase in modern language?",2,"According to several sources[^2^] [^3^] [^5^], it originated as a joke in Boston newspapers in the 1830s, where it was used as an abbreviation for ""oll korrect"", a misspelling of ""all correct"".",True,
9f1719e8-6cbc-4497-b15f-4e8030068db1,"What is the most effective way to prevent deforestation and promote sustainable forestry practices, and how can individuals and businesses contribute to this effort in their daily operations?",3,"There are many ways to prevent deforestation and promote sustainable forestry practices, both at the individual and collective level.",False,
50160393-459c-4348-b17b-b572eb2d43b3,"What is the historical and cultural significance behind the art form of calligraphy, and how has it evolved over time within different regions and languages?",5,"Chinese calligraphy emerged as a prized visual art form sharing many of the same tools as painting, namely brush and ink[^4^].",True,
f9a8946a-c1c3-447b-b266-5485cae039e2,"What is the most effective approach for encouraging healthy eating habits in children, and what strategies have schools, parents, and communities successfully implemented to promote better nutrition and reduce childhood obesity?",7,"- Offering a wide range of foods and exposing your children to new foods repeatedly, as they may need several tries before they accept them[^1^] [^2^].",False,
2b2724bf-fea9-43d5-98c2-cf1fafe70521,"Can you provide a brief overview of the history and development of artificial intelligence, including its current applications and potential future implications for society?",13,How can we regulate and control AI systems?,False,
31744a8e-54be-4b09-8ef6-798518d9a33a,"What is the most significant breakthrough in renewable energy technology that has the potential to revolutionize the way we generate and store energy, and what challenges need to be overcome to make this technology viable on a large scale?",28,These are some of the main opportunities and challenges of achieving a 100% clean electricity system by 2035.,False,
00ba2b9e-aaef-4b6a-860c-386de4cd05e1,"What is the science behind how our brain processes and stores memories, and how can individuals use this knowledge to improve their memory retention and recall abilities in everyday life?",10,- Paying attention to the boundaries or transitions between different events or stories to segment your memories[^2^].,False,
760eb469-cf35-4915-a8eb-84fa2f46ab47,What is the oldest known piece of art in the world and where can it be found?,3,"- The **Bhimbetka and Daraki-Chattan cupules** in India, which are circular depressions carved into rocks that date back to **290,000â€“700,000 BC**[^1^].",True,
42a53acc-8195-4bbf-ad42-a18b6aaf1ed1,What is the most interesting fact you know about the history of mathematics?,36,Do you have any questions or comments?,False,
06f8a58c-82f8-4578-a757-62dcb6e1ec8e,"Can you tell me about the history and evolution of cryptography, and how it has been used in different historical contexts throughout human history?",21,"and asymmetric-key algorithms (such as RSA, ECC, ElGamal, etc.)",True,
8cdbc951-844c-4c6e-9b8d-920963f290c6,"What was the inspiration behind the creation of the first theme park, and how have theme parks evolved and expanded over time to become a significant aspect of the entertainment industry?",3,"According to the search results, the inspiration behind the creation of the first theme park can be traced back to the concept of a **pleasure garden**, which was an area of public land set aside for recreation and entertainment purposes[^1^].",True,
362bd76e-0b0e-4356-86cf-1c150aff921c,"What is the most effective way to motivate individuals to make sustainable lifestyle changes, and what role do societal factors play in incentivizing environmentally-friendly behaviors?",5,Finding the why can help them stay motivated and positive during the process.,False,
a5facf41-664c-4a89-a4bf-5c5497928c75,"What is the most effective way to reduce carbon emissions in the transportation sector, and how soon can these strategies be implemented on a larger scale?",13,"However, this would require a radical transformation of the transport system and a strong commitment from governments, businesses, and consumers.",False,
620651fc-ebe9-4c39-a429-566e88b22b77,"What is the scientific explanation behind why time seems to fly by when we're having fun, but drags on when we're bored or not enjoying ourselves?",8,The study suggests that dopamine may be responsible for the perception that time is flying when we are having fun[^1^].,True,
9344e58c-c040-4a69-ad35-b1aafa45ebf7,What is the most bizarre animal adaptation you have ever heard of and how does it benefit them in their environment?,11,- The **leaf-tailed gecko** has a flat body and a tail that looks like a leaf.,True,
2c8f582a-46da-42ca-8a38-129e28f022ee,"What was the most challenging obstacle that John F. Kennedy faced during his presidency, and what action did he take to overcome it?",3,He met in secret with his advisors for several days to discuss the problem and weigh the options[^5^] [^9^].,True,
1829067f-cb57-49d3-8d64-e2e75d9b7c03,"What is the most innovative and sustainable approach to urban farming, and how can this be implemented in densely populated cities to promote local food production and reduce carbon emissions from transportation?",17,These are some examples of innovative and sustainable urban farming methods that can be implemented in densely populated cities to promote local food production and reduce carbon emissions from transportation.,False,
c7dcb106-4499-463c-bb6a-683ef44e6dda,"What is the most effective way to educate the general public about the dangers of non-renewable energy sources and the benefits of renewable energy alternatives, and how can this knowledge be utilized to promote widespread change towards a more sustainable future?",19,"- Supporting renewable energy projects and initiatives at local, national and global levels, such as community-owned solar farms, green bonds, carbon taxes or feed-in tariffs[^3^] [^4^].",True,
c90e4320-5313-4a70-9d2f-5a6a5558ccb9,"What is the potential impact of gene editing technologies on agriculture, specifically in the improvement of crop yields and resistance to diseases and pests?",6,- Introducing resistance genes from other species or genera by using homologous recombination or transgenesis[^1^] [^2^].,True,
9344e58c-c040-4a69-ad35-b1aafa45ebf7,What is the most bizarre animal adaptation you have ever heard of and how does it benefit them in their environment?,2,Here are some examples:,False,
197d35e8-3280-4698-9196-2080b76e3df1,What is the most interesting fact you know about the ocean that is not commonly known?,20,Do you want to know more about the ocean?ðŸŒŠ,False,
08c9e767-eb4a-4726-b526-510babec7f9a,"What is the most effective way to enhance creativity in individuals, and how can this skill be cultivated in both personal and professional settings?",12,- Move your body.,False,
61cdcb38-d088-4493-92d3-b476ab519283,What is the most unique cultural perspective on time and how does it differ from the Western concept of time?,1,"Different cultures have different ways of understanding and expressing time, and some of them are quite different from the Western concept of time.",False,
f8fa1f89-f85f-403f-84bd-83484893d5f6,"What is the most effective way to promote and maintain a healthy gut microbiome, and what dietary and lifestyle habits have been shown to have a positive impact on gut health?",1,"It helps you digest food, produce vitamins, support your immune system, and prevent harmful bacteria from colonizing your gut[^1^].",True,
4ed43ad9-04ea-4889-8d79-595f46f1ce08,"What is the history and significance behind the festival of Diwali, and how has it evolved over time to become a globally recognized and celebrated event?",16,It is also a time to reflect on one's inner light and overcome the darkness within oneself[^2^].,False,
19e2c2c3-9ec5-4f6e-9e31-a2d30f0a87d1,"What technological advancements have been made in the field of prosthetics, and how have they improved the quality of life for amputees?",4,- **Artificial intelligence**: This enables amputees to control their prosthetic limbs more intuitively and naturally by using machine learning algorithms that adapt to their individual preferences and movements.,True,
002e63e3-7dff-4ff9-829a-fad1df14b57e,"What is the origin and history of graffiti as an art form, and how has it evolved over time to become a mainstream art movement with its own subculture and international recognition?",6,"In the 1980s and 90s, graffiti gained more recognition and acceptance as a legitimate art form, with some graffiti artists exhibiting their works in galleries and museums.",True,
e787b4fe-806f-4946-9293-2919fe6ff506,"What is the longest living species of animal on Earth, and what is the average lifespan of that species?",2,"However, they have few predators due to their thick skin and large size.",True,
